mechP,	mechR,	mechF,	effP,	effR,	effF,	advP,	advR,	advF,	intP,	intR,	intF,	totP,	totR,	totF,	features
0,	0.0,	0,	0,	0.0,	0,	0,	0.0,	0,	0,	0.0,	0,	0,	0.0,	0,	[True, False, False, False, False, False, False, False]
0.7692307692307693,	0.06622516556291391,	0.12195121951219512,	0.2564102564102564,	0.0625,	0.10050251256281408,	0.6666666666666666,	0.018691588785046728,	0.03636363636363636,	0,	0.0,	0,	0.4,	0.047311827956989246,	0.0846153846153846,	[False, True, False, False, False, False, False, False]
0.5833333333333334,	0.046357615894039736,	0.08588957055214724,	0.23529411764705882,	0.05,	0.08247422680412371,	1.0,	0.018691588785046728,	0.03669724770642201,	0.0,	0.0,	0,	0.3469387755102041,	0.03655913978494624,	0.06614785992217899,	[True, True, False, False, False, False, False, False]
0.5,	0.026490066225165563,	0.05031446540880503,	0.11428571428571428,	0.025,	0.041025641025641026,	0.0,	0.0,	0,	0,	0.0,	0,	0.17777777777777778,	0.017204301075268817,	0.03137254901960784,	[False, False, True, False, False, False, False, False]
0.25,	0.006622516556291391,	0.012903225806451615,	0.08823529411764706,	0.01875,	0.03092783505154639,	0.0,	0.0,	0,	0.0,	0.0,	0,	0.09090909090909091,	0.008602150537634409,	0.015717092337917484,	[True, False, True, False, False, False, False, False]
0.24324324324324326,	0.059602649006622516,	0.09574468085106383,	0.35714285714285715,	0.0625,	0.10638297872340426,	0.6666666666666666,	0.018691588785046728,	0.03636363636363636,	0,	0.0,	0,	0.3088235294117647,	0.04516129032258064,	0.07879924953095684,	[False, True, True, False, False, False, False, False]
0.36,	0.059602649006622516,	0.10227272727272728,	0.25757575757575757,	0.10625,	0.15044247787610618,	0,	0.0,	0,	0,	0.0,	0,	0.2857142857142857,	0.05591397849462366,	0.09352517985611511,	[True, True, True, False, False, False, False, False]
0.2613065326633166,	0.3443708609271523,	0.29714285714285715,	0.31137724550898205,	0.325,	0.31804281345565755,	0.29411764705882354,	0.09345794392523364,	0.14184397163120566,	0.0,	0.0,	0,	0.28078817733990147,	0.24516129032258063,	0.261768082663605,	[False, False, False, True, False, False, False, False]
0.28421052631578947,	0.17880794701986755,	0.21951219512195122,	0.36,	0.3375,	0.34838709677419355,	0.391304347826087,	0.08411214953271028,	0.13846153846153844,	0.6,	0.19148936170212766,	0.29032258064516125,	0.3498233215547703,	0.2129032258064516,	0.2647058823529411,	[True, False, False, True, False, False, False, False]
0.36538461538461536,	0.25165562913907286,	0.2980392156862745,	0.4028776978417266,	0.35,	0.3745819397993311,	0.3584905660377358,	0.17757009345794392,	0.2375,	0.4117647058823529,	0.14893617021276595,	0.21875,	0.38338658146964855,	0.25806451612903225,	0.30848329048843187,	[False, True, False, True, False, False, False, False]
0.39603960396039606,	0.26490066225165565,	0.3174603174603175,	0.47058823529411764,	0.35,	0.4014336917562724,	0.4074074074074074,	0.102803738317757,	0.16417910447761194,	0.5,	0.02127659574468085,	0.04081632653061224,	0.43373493975903615,	0.23225806451612904,	0.3025210084033614,	[True, True, False, True, False, False, False, False]
0.36036036036036034,	0.26490066225165565,	0.3053435114503817,	0.47619047619047616,	0.3125,	0.37735849056603776,	0.3953488372093023,	0.1588785046728972,	0.22666666666666666,	0.6153846153846154,	0.1702127659574468,	0.26666666666666666,	0.4227941176470588,	0.24731182795698925,	0.31207598371777473,	[False, False, True, True, False, False, False, False]
0.32098765432098764,	0.17218543046357615,	0.22413793103448276,	0.4857142857142857,	0.31875,	0.38490566037735846,	0.3953488372093023,	0.1588785046728972,	0.22666666666666666,	1.0,	0.14893617021276595,	0.25925925925925924,	0.4279661016949153,	0.2172043010752688,	0.2881597717546362,	[True, False, True, True, False, False, False, False]
0.4222222222222222,	0.25165562913907286,	0.3153526970954357,	0.5045045045045045,	0.35,	0.41328413284132837,	0.5185185185185185,	0.1308411214953271,	0.208955223880597,	0.6666666666666666,	0.1702127659574468,	0.2711864406779661,	0.48333333333333334,	0.24946236559139784,	0.32907801418439714,	[False, True, True, True, False, False, False, False]
0.3486238532110092,	0.25165562913907286,	0.29230769230769227,	0.5046728971962616,	0.3375,	0.4044943820224719,	0.5294117647058824,	0.16822429906542055,	0.2553191489361702,	1.0,	0.14893617021276595,	0.25925925925925924,	0.45525291828793774,	0.25161290322580643,	0.3240997229916897,	[True, True, True, True, False, False, False, False]
0.5238095238095238,	0.0728476821192053,	0.12790697674418605,	0.125,	0.03125,	0.05,	0.0,	0.0,	0,	0,	0.0,	0,	0.25,	0.034408602150537634,	0.060491493383742906,	[False, False, False, False, True, False, False, False]
0.5,	0.06622516556291391,	0.11695906432748539,	0.11538461538461539,	0.01875,	0.03225806451612904,	0,	0.0,	0,	0,	0.0,	0,	0.2826086956521739,	0.02795698924731183,	0.05088062622309198,	[True, False, False, False, True, False, False, False]
0.4411764705882353,	0.09933774834437085,	0.16216216216216217,	0.2564102564102564,	0.125,	0.1680672268907563,	0.15384615384615385,	0.018691588785046728,	0.03333333333333333,	0,	0.0,	0,	0.296,	0.07956989247311828,	0.12542372881355932,	[False, True, False, False, True, False, False, False]
0.5263157894736842,	0.06622516556291391,	0.11764705882352942,	0.25806451612903225,	0.15,	0.18972332015810273,	0.6666666666666666,	0.018691588785046728,	0.03636363636363636,	0,	0.0,	0,	0.3130434782608696,	0.07741935483870968,	0.12413793103448276,	[True, True, False, False, True, False, False, False]
0.4444444444444444,	0.07947019867549669,	0.13483146067415733,	0.14864864864864866,	0.06875,	0.09401709401709403,	0.3333333333333333,	0.018691588785046728,	0.03539823008849557,	0,	0.0,	0,	0.2336448598130841,	0.053763440860215055,	0.08741258741258742,	[False, False, True, False, True, False, False, False]
0.26666666666666666,	0.052980132450331126,	0.08839779005524862,	0.13793103448275862,	0.075,	0.09716599190283401,	0.26666666666666666,	0.037383177570093455,	0.06557377049180327,	0,	0.0,	0,	0.18181818181818182,	0.05161290322580645,	0.08040201005025126,	[True, False, True, False, True, False, False, False]
0.43902439024390244,	0.11920529801324503,	0.1875,	0.25806451612903225,	0.15,	0.18972332015810273,	0.2727272727272727,	0.028037383177570093,	0.05084745762711864,	0.0,	0.0,	0,	0.3082191780821918,	0.0967741935483871,	0.14729950900163663,	[False, True, True, False, True, False, False, False]
0.45454545454545453,	0.16556291390728478,	0.24271844660194175,	0.21296296296296297,	0.14375,	0.17164179104477612,	0.5,	0.028037383177570093,	0.05309734513274336,	0,	0.0,	0,	0.30177514792899407,	0.10967741935483871,	0.1608832807570978,	[True, True, True, False, True, False, False, False]
0.3211009174311927,	0.23178807947019867,	0.2692307692307692,	0.45794392523364486,	0.30625,	0.3670411985018726,	0.48,	0.11214953271028037,	0.18181818181818182,	0.6153846153846154,	0.1702127659574468,	0.26666666666666666,	0.4094488188976378,	0.22365591397849463,	0.2892906815020862,	[False, False, False, True, True, False, False, False]
0.3181818181818182,	0.2781456953642384,	0.29681978798586567,	0.45794392523364486,	0.30625,	0.3670411985018726,	0.4375,	0.1308411214953271,	0.20143884892086328,	0.6666666666666666,	0.1702127659574468,	0.2711864406779661,	0.3992932862190813,	0.24301075268817204,	0.3021390374331551,	[True, False, False, True, True, False, False, False]
0.44680851063829785,	0.2781456953642384,	0.3428571428571428,	0.46551724137931033,	0.3375,	0.3913043478260869,	0.5609756097560976,	0.21495327102803738,	0.3108108108108108,	0.5714285714285714,	0.1702127659574468,	0.2622950819672131,	0.47924528301886793,	0.2731182795698925,	0.34794520547945207,	[False, True, False, True, True, False, False, False]
0.5217391304347826,	0.23841059602649006,	0.32727272727272727,	0.4628099173553719,	0.35,	0.398576512455516,	0.5277777777777778,	0.17757009345794392,	0.26573426573426573,	1.0,	0.1276595744680851,	0.22641509433962262,	0.5043103448275862,	0.25161290322580643,	0.33572453371592537,	[True, True, False, True, True, False, False, False]
0.4672897196261682,	0.33112582781456956,	0.3875968992248063,	0.48,	0.3,	0.3692307692307692,	0.45,	0.16822429906542055,	0.24489795918367346,	0.5384615384615384,	0.14893617021276595,	0.23333333333333334,	0.47307692307692306,	0.2645161290322581,	0.3393103448275862,	[False, False, True, True, True, False, False, False]
0.4880952380952381,	0.271523178807947,	0.34893617021276596,	0.46078431372549017,	0.29375,	0.35877862595419846,	0.5333333333333333,	0.07476635514018691,	0.13114754098360654,	0.875,	0.14893617021276595,	0.25454545454545446,	0.49282296650717705,	0.221505376344086,	0.3056379821958457,	[True, False, True, True, True, False, False, False]
0.5056179775280899,	0.2980132450331126,	0.375,	0.4722222222222222,	0.31875,	0.3805970149253731,	0.5135135135135135,	0.17757009345794392,	0.2638888888888889,	0.5833333333333334,	0.14893617021276595,	0.23728813559322032,	0.4959349593495935,	0.2623655913978495,	0.34317862165963436,	[False, True, True, True, True, False, False, False]
0.42142857142857143,	0.39072847682119205,	0.40549828178694153,	0.4818181818181818,	0.33125,	0.39259259259259266,	0.5121951219512195,	0.19626168224299065,	0.28378378378378377,	0.7777777777777778,	0.14893617021276595,	0.25,	0.4666666666666667,	0.3010752688172043,	0.3660130718954248,	[True, True, True, True, True, False, False, False]
0.6666666666666666,	0.039735099337748346,	0.07500000000000001,	0.10526315789473684,	0.025,	0.04040404040404041,	1.0,	0.037383177570093455,	0.07207207207207207,	0,	0.0,	0,	0.27450980392156865,	0.030107526881720432,	0.054263565891472874,	[False, False, False, False, False, True, False, False]
0.6666666666666666,	0.052980132450331126,	0.09815950920245399,	0.08888888888888889,	0.025,	0.03902439024390243,	0.8333333333333334,	0.04672897196261682,	0.08849557522123892,	0,	0.0,	0,	0.2698412698412698,	0.03655913978494624,	0.06439393939393939,	[True, False, False, False, False, True, False, False]
0.5862068965517241,	0.11258278145695365,	0.18888888888888888,	0.2222222222222222,	0.1125,	0.14937759336099585,	0.7,	0.06542056074766354,	0.11965811965811965,	0,	0.0,	0,	0.35,	0.09032258064516129,	0.14358974358974358,	[False, True, False, False, False, True, False, False]
0.6153846153846154,	0.10596026490066225,	0.1807909604519774,	0.2111111111111111,	0.11875,	0.152,	1.0,	0.04672897196261682,	0.08928571428571429,	0,	0.0,	0,	0.3305785123966942,	0.08602150537634409,	0.13651877133105803,	[True, True, False, False, False, True, False, False]
0.5,	0.07947019867549669,	0.13714285714285715,	0.1111111111111111,	0.0375,	0.056074766355140186,	0.5555555555555556,	0.04672897196261682,	0.08620689655172413,	0.0,	0.0,	0,	0.25274725274725274,	0.04946236559139785,	0.08273381294964029,	[False, False, True, False, False, True, False, False]
0.5294117647058824,	0.059602649006622516,	0.10714285714285715,	0.0847457627118644,	0.03125,	0.045662100456621,	0.5,	0.056074766355140186,	0.10084033613445378,	0.0,	0.0,	0,	0.2127659574468085,	0.043010752688172046,	0.07155635062611808,	[True, False, True, False, False, True, False, False]
0.5172413793103449,	0.09933774834437085,	0.16666666666666669,	0.22784810126582278,	0.1125,	0.1506276150627615,	0.6363636363636364,	0.06542056074766354,	0.11864406779661016,	0,	0.0,	0,	0.33613445378151263,	0.08602150537634409,	0.136986301369863,	[False, True, True, False, False, True, False, False]
0.3870967741935484,	0.07947019867549669,	0.13186813186813187,	0.1951219512195122,	0.1,	0.1322314049586777,	0.4,	0.056074766355140186,	0.09836065573770492,	0.0,	0.0,	0,	0.26356589147286824,	0.07311827956989247,	0.11447811447811447,	[True, True, True, False, False, True, False, False]
0.3978494623655914,	0.24503311258278146,	0.30327868852459017,	0.44954128440366975,	0.30625,	0.3643122676579925,	0.4375,	0.1308411214953271,	0.20143884892086328,	0.6666666666666666,	0.1702127659574468,	0.2711864406779661,	0.43902439024390244,	0.23225806451612904,	0.3037974683544304,	[False, False, False, True, False, True, False, False]
0.3894736842105263,	0.24503311258278146,	0.30081300813008127,	0.46226415094339623,	0.30625,	0.3684210526315789,	0.41379310344827586,	0.11214953271028037,	0.17647058823529413,	0.6666666666666666,	0.1276595744680851,	0.21428571428571427,	0.4351464435146444,	0.22365591397849463,	0.29545454545454547,	[True, False, False, True, False, True, False, False]
0.4090909090909091,	0.23841059602649006,	0.3012552301255231,	0.48739495798319327,	0.3625,	0.4157706093189964,	0.43333333333333335,	0.24299065420560748,	0.31137724550898205,	0.42105263157894735,	0.1702127659574468,	0.24242424242424243,	0.44755244755244755,	0.2752688172043011,	0.34087882822902793,	[False, True, False, True, False, True, False, False]
0.391304347826087,	0.2980132450331126,	0.33834586466165417,	0.46551724137931033,	0.3375,	0.3913043478260869,	0.5,	0.21495327102803738,	0.3006535947712418,	1.0,	0.02127659574468085,	0.04166666666666667,	0.44244604316546765,	0.2645161290322581,	0.3310901749663526,	[True, True, False, True, False, True, False, False]
0.4605263157894737,	0.23178807947019867,	0.30837004405286345,	0.4953271028037383,	0.33125,	0.39700374531835203,	0.5319148936170213,	0.2336448598130841,	0.3246753246753247,	0.5384615384615384,	0.14893617021276595,	0.23333333333333334,	0.49382716049382713,	0.25806451612903225,	0.3389830508474576,	[False, False, True, True, False, True, False, False]
0.45614035087719296,	0.17218543046357615,	0.25,	0.48214285714285715,	0.3375,	0.3970588235294118,	0.6097560975609756,	0.2336448598130841,	0.33783783783783783,	1.0,	0.14893617021276595,	0.25925925925925924,	0.5161290322580645,	0.24086021505376345,	0.32844574780058655,	[True, False, True, True, False, True, False, False]
0.44871794871794873,	0.23178807947019867,	0.3056768558951965,	0.5,	0.35,	0.4117647058823529,	0.4634146341463415,	0.17757009345794392,	0.2567567567567568,	0.6363636363636364,	0.14893617021276595,	0.24137931034482757,	0.4834710743801653,	0.25161290322580643,	0.33097595473833097,	[False, True, True, True, False, True, False, False]
0.42857142857142855,	0.23841059602649006,	0.3063829787234043,	0.475,	0.35625,	0.40714285714285714,	0.5227272727272727,	0.21495327102803738,	0.304635761589404,	1.0,	0.14893617021276595,	0.25925925925925924,	0.4823529411764706,	0.2645161290322581,	0.3416666666666667,	[True, True, True, True, False, True, False, False]
0.42857142857142855,	0.07947019867549669,	0.1340782122905028,	0.12195121951219512,	0.03125,	0.04975124378109453,	0.42857142857142855,	0.028037383177570093,	0.05263157894736842,	0,	0.0,	0,	0.2631578947368421,	0.043010752688172046,	0.07393715341959335,	[False, False, False, False, True, True, False, False]
0.4666666666666667,	0.09271523178807947,	0.15469613259668508,	0.08333333333333333,	0.0125,	0.02173913043478261,	0.6,	0.028037383177570093,	0.053571428571428575,	0,	0.0,	0,	0.3220338983050847,	0.04086021505376344,	0.07251908396946566,	[True, False, False, False, True, True, False, False]
0.5555555555555556,	0.09933774834437085,	0.16853932584269662,	0.2857142857142857,	0.1375,	0.18565400843881857,	0.5,	0.028037383177570093,	0.05309734513274336,	0,	0.0,	0,	0.36363636363636365,	0.08602150537634409,	0.13913043478260867,	[False, True, False, False, True, True, False, False]
0.64,	0.10596026490066225,	0.18181818181818182,	0.20588235294117646,	0.04375,	0.07216494845360824,	1.0,	0.037383177570093455,	0.07207207207207207,	0,	0.0,	0,	0.42857142857142855,	0.05806451612903226,	0.10227272727272728,	[True, True, False, False, True, True, False, False]
0.39473684210526316,	0.09933774834437085,	0.15873015873015872,	0.19047619047619047,	0.1,	0.1311475409836066,	0.2727272727272727,	0.028037383177570093,	0.05084745762711864,	0.0,	0.0,	0,	0.2537313432835821,	0.07311827956989247,	0.11352253756260433,	[False, False, True, False, True, True, False, False]
0.3958333333333333,	0.12582781456953643,	0.19095477386934673,	0.18333333333333332,	0.06875,	0.1,	0.35294117647058826,	0.056074766355140186,	0.0967741935483871,	0,	0.0,	0,	0.288,	0.07741935483870968,	0.12203389830508475,	[True, False, True, False, True, True, False, False]
0.5555555555555556,	0.13245033112582782,	0.21390374331550804,	0.28888888888888886,	0.1625,	0.20800000000000002,	0.3181818181818182,	0.06542056074766354,	0.10852713178294572,	0,	0.0,	0,	0.3581081081081081,	0.11397849462365592,	0.1729200652528548,	[False, True, True, False, True, True, False, False]
0.5476190476190477,	0.152317880794702,	0.2383419689119171,	0.2564102564102564,	0.125,	0.1680672268907563,	0.4,	0.056074766355140186,	0.09836065573770492,	0.0,	0.0,	0,	0.3602941176470588,	0.1053763440860215,	0.16306156405990016,	[True, True, True, False, True, True, False, False]
0.4155844155844156,	0.2119205298013245,	0.2807017543859649,	0.4606741573033708,	0.25625,	0.3293172690763052,	0.6666666666666666,	0.14953271028037382,	0.2442748091603053,	0.6666666666666666,	0.1702127659574468,	0.2711864406779661,	0.4801980198019802,	0.2086021505376344,	0.2908545727136432,	[False, False, False, True, True, True, False, False]
0.4146341463414634,	0.2251655629139073,	0.2918454935622318,	0.47435897435897434,	0.23125,	0.3109243697478991,	0.5333333333333333,	0.14953271028037382,	0.2335766423357664,	0.7,	0.14893617021276595,	0.24561403508771928,	0.47,	0.2021505376344086,	0.28270676691729324,	[True, False, False, True, True, True, False, False]
0.41975308641975306,	0.2251655629139073,	0.29310344827586204,	0.48,	0.3,	0.3692307692307692,	0.5128205128205128,	0.18691588785046728,	0.273972602739726,	0.6666666666666666,	0.1702127659574468,	0.2711864406779661,	0.47413793103448276,	0.23655913978494625,	0.31563845050215206,	[False, True, False, True, True, True, False, False]
0.417910447761194,	0.18543046357615894,	0.25688073394495414,	0.43661971830985913,	0.19375,	0.2683982683982684,	0.875,	0.1308411214953271,	0.2276422764227642,	0.8571428571428571,	0.1276595744680851,	0.2222222222222222,	0.4906832298136646,	0.16989247311827957,	0.2523961661341853,	[True, True, False, True, True, True, False, False]
0.5121951219512195,	0.2781456953642384,	0.3605150214592274,	0.44554455445544555,	0.28125,	0.3448275862068966,	0.5609756097560976,	0.21495327102803738,	0.3108108108108108,	0.6363636363636364,	0.14893617021276595,	0.24137931034482757,	0.4978723404255319,	0.25161290322580643,	0.33428571428571424,	[False, False, True, True, True, True, False, False]
0.46835443037974683,	0.24503311258278146,	0.32173913043478264,	0.44329896907216493,	0.26875,	0.3346303501945525,	0.6052631578947368,	0.21495327102803738,	0.31724137931034485,	0.7,	0.14893617021276595,	0.24561403508771928,	0.49107142857142855,	0.23655913978494625,	0.3193033381712627,	[True, False, True, True, True, True, False, False]
0.5113636363636364,	0.2980132450331126,	0.37656903765690375,	0.4909090909090909,	0.3375,	0.4,	0.5555555555555556,	0.18691588785046728,	0.2797202797202797,	0.6363636363636364,	0.14893617021276595,	0.24137931034482757,	0.5142857142857142,	0.2709677419354839,	0.3549295774647887,	[False, True, True, True, True, True, False, False]
0.525,	0.2781456953642384,	0.36363636363636365,	0.4811320754716981,	0.31875,	0.38345864661654133,	0.6060606060606061,	0.18691588785046728,	0.2857142857142857,	0.7777777777777778,	0.14893617021276595,	0.25,	0.5263157894736842,	0.25806451612903225,	0.34632034632034625,	[True, True, True, True, True, True, False, False]
0,	0.0,	0,	0,	0.0,	0,	0,	0.0,	0,	0,	0.0,	0,	0,	0.0,	0,	[False, False, False, False, False, False, True, False]
0,	0.0,	0,	0,	0.0,	0,	0,	0.0,	0,	0,	0.0,	0,	0,	0.0,	0,	[True, False, False, False, False, False, True, False]
0.6923076923076923,	0.059602649006622516,	0.10975609756097561,	0.25,	0.05625,	0.09183673469387754,	1.0,	0.018691588785046728,	0.03669724770642201,	0,	0.0,	0,	0.39215686274509803,	0.043010752688172046,	0.07751937984496125,	[False, True, False, False, False, False, True, False]
0.4,	0.052980132450331126,	0.0935672514619883,	0.20512820512820512,	0.05,	0.08040201005025126,	0.4,	0.018691588785046728,	0.03571428571428571,	0,	0.0,	0,	0.28125,	0.03870967741935484,	0.06805293005671077,	[True, True, False, False, False, False, True, False]
0.3333333333333333,	0.019867549668874173,	0.037500000000000006,	0.125,	0.025,	0.04166666666666667,	0.0,	0.0,	0,	0.0,	0.0,	0,	0.1590909090909091,	0.015053763440860216,	0.027504911591355603,	[False, False, True, False, False, False, True, False]
0.35294117647058826,	0.039735099337748346,	0.07142857142857144,	0.0975609756097561,	0.025,	0.03980099502487563,	0.0,	0.0,	0,	0.0,	0.0,	0,	0.15873015873015872,	0.021505376344086023,	0.03787878787878788,	[True, False, True, False, False, False, True, False]
0.22857142857142856,	0.052980132450331126,	0.08602150537634408,	0.38461538461538464,	0.09375,	0.15075376884422112,	0.4,	0.018691588785046728,	0.03571428571428571,	0.0,	0.0,	0,	0.3125,	0.053763440860215055,	0.09174311926605504,	[False, True, True, False, False, False, True, False]
0.2571428571428571,	0.059602649006622516,	0.0967741935483871,	0.3488372093023256,	0.09375,	0.1477832512315271,	0.2857142857142857,	0.018691588785046728,	0.03508771929824561,	0.0,	0.0,	0,	0.2988505747126437,	0.05591397849462366,	0.09420289855072465,	[True, True, True, False, False, False, True, False]
0.2894736842105263,	0.36423841059602646,	0.3225806451612903,	0.30319148936170215,	0.35625,	0.3275862068965517,	0.3181818181818182,	0.19626168224299065,	0.24277456647398846,	0.6428571428571429,	0.19148936170212766,	0.29508196721311475,	0.31004366812227074,	0.3053763440860215,	0.3076923076923077,	[False, False, False, True, False, False, True, False]
0.28804347826086957,	0.3509933774834437,	0.3164179104477612,	0.31547619047619047,	0.33125,	0.323170731707317,	0.41025641025641024,	0.14953271028037382,	0.2191780821917808,	0.45,	0.19148936170212766,	0.26865671641791045,	0.31873479318734793,	0.2817204301075269,	0.29908675799086765,	[True, False, False, True, False, False, True, False]
0.3582089552238806,	0.31788079470198677,	0.3368421052631579,	0.43661971830985913,	0.3875,	0.4105960264900662,	0.3333333333333333,	0.1308411214953271,	0.1879194630872483,	0.5333333333333333,	0.1702127659574468,	0.25806451612903225,	0.3963963963963964,	0.2838709677419355,	0.3308270676691729,	[False, True, False, True, False, False, True, False]
0.35344827586206895,	0.271523178807947,	0.30711610486891383,	0.5132743362831859,	0.3625,	0.42490842490842495,	0.4186046511627907,	0.16822429906542055,	0.24000000000000002,	1.0,	0.10638297872340426,	0.1923076923076923,	0.4404332129963899,	0.2623655913978495,	0.3288409703504043,	[True, True, False, True, False, False, True, False]
0.3673469387755102,	0.23841059602649006,	0.2891566265060241,	0.4722222222222222,	0.31875,	0.3805970149253731,	0.36363636363636365,	0.07476635514018691,	0.12403100775193797,	0.6153846153846154,	0.1702127659574468,	0.26666666666666666,	0.42738589211618255,	0.221505376344086,	0.29178470254957506,	[False, False, True, True, False, False, True, False]
0.3465346534653465,	0.23178807947019867,	0.2777777777777778,	0.47474747474747475,	0.29375,	0.362934362934363,	0.41304347826086957,	0.17757009345794392,	0.24836601307189543,	0.7777777777777778,	0.14893617021276595,	0.25,	0.4235294117647059,	0.23225806451612904,	0.30000000000000004,	[True, False, True, True, False, False, True, False]
0.41,	0.271523178807947,	0.32669322709163345,	0.4774774774774775,	0.33125,	0.39114391143911437,	0.4375,	0.1308411214953271,	0.20143884892086328,	0.6666666666666666,	0.1702127659574468,	0.2711864406779661,	0.4549019607843137,	0.24946236559139784,	0.3222222222222222,	[False, True, True, True, False, False, True, False]
0.3829787234042553,	0.23841059602649006,	0.2938775510204082,	0.48031496062992124,	0.38125,	0.4250871080139373,	0.4827586206896552,	0.1308411214953271,	0.20588235294117643,	0.6666666666666666,	0.1702127659574468,	0.2711864406779661,	0.4541984732824427,	0.25591397849462366,	0.32737276478679506,	[True, True, True, True, False, False, True, False]
0.30952380952380953,	0.08609271523178808,	0.13471502590673576,	0.2,	0.2125,	0.20606060606060608,	0.29411764705882354,	0.04672897196261682,	0.08064516129032258,	0,	0.0,	0,	0.22707423580786026,	0.11182795698924732,	0.14985590778097982,	[False, False, False, False, True, False, True, False]
0.42105263157894735,	0.052980132450331126,	0.09411764705882354,	0.09375,	0.01875,	0.031249999999999997,	0,	0.0,	0,	0,	0.0,	0,	0.21568627450980393,	0.023655913978494623,	0.04263565891472868,	[True, False, False, False, True, False, True, False]
0.425,	0.11258278145695365,	0.1780104712041885,	0.2054794520547945,	0.1875,	0.19607843137254904,	0.22727272727272727,	0.04672897196261682,	0.07751937984496125,	0.0,	0.0,	0,	0.24880382775119617,	0.11182795698924732,	0.1543026706231454,	[False, True, False, False, True, False, True, False]
0.36363636363636365,	0.052980132450331126,	0.09248554913294797,	0.26744186046511625,	0.14375,	0.18699186991869915,	0.3333333333333333,	0.009345794392523364,	0.01818181818181818,	0,	0.0,	0,	0.2882882882882883,	0.06881720430107527,	0.11111111111111113,	[True, True, False, False, True, False, True, False]
0.36363636363636365,	0.052980132450331126,	0.09248554913294797,	0.16417910447761194,	0.06875,	0.09691629955947137,	0.1875,	0.028037383177570093,	0.048780487804878044,	0.0,	0.0,	0,	0.205607476635514,	0.047311827956989246,	0.07692307692307691,	[False, False, True, False, True, False, True, False]
0.23809523809523808,	0.033112582781456956,	0.058139534883720936,	0.1206896551724138,	0.04375,	0.06422018348623854,	1.0,	0.009345794392523364,	0.018518518518518517,	0,	0.0,	0,	0.1625,	0.02795698924731183,	0.047706422018348627,	[True, False, True, False, True, False, True, False]
0.41379310344827586,	0.07947019867549669,	0.13333333333333333,	0.2,	0.125,	0.15384615384615385,	0.2857142857142857,	0.037383177570093455,	0.06611570247933883,	0.0,	0.0,	0,	0.2482758620689655,	0.07741935483870968,	0.1180327868852459,	[False, True, True, False, True, False, True, False]
0.4,	0.09271523178807947,	0.15053763440860216,	0.21782178217821782,	0.1375,	0.1685823754789272,	0.36363636363636365,	0.037383177570093455,	0.06779661016949151,	0,	0.0,	0,	0.272108843537415,	0.08602150537634409,	0.13071895424836605,	[True, True, True, False, True, False, True, False]
0.27906976744186046,	0.15894039735099338,	0.20253164556962025,	0.5555555555555556,	0.25,	0.3448275862068966,	0.40540540540540543,	0.14018691588785046,	0.20833333333333334,	1.0,	0.14893617021276595,	0.25925925925925924,	0.42574257425742573,	0.18494623655913978,	0.2578710644677661,	[False, False, False, True, True, False, True, False]
0.2926829268292683,	0.07947019867549669,	0.125,	0.5131578947368421,	0.24375,	0.33050847457627114,	0.6111111111111112,	0.102803738317757,	0.176,	1.0,	0.14893617021276595,	0.25925925925925924,	0.4859154929577465,	0.14838709677419354,	0.22734761120263589,	[True, False, False, True, True, False, True, False]
0.4027777777777778,	0.19205298013245034,	0.26008968609865474,	0.5147058823529411,	0.21875,	0.30701754385964913,	0.43478260869565216,	0.18691588785046728,	0.26143790849673204,	1.0,	0.14893617021276595,	0.25925925925925924,	0.47150259067357514,	0.1956989247311828,	0.27659574468085113,	[False, True, False, True, True, False, True, False]
0.36666666666666664,	0.0728476821192053,	0.12154696132596685,	0.4948453608247423,	0.3,	0.37354085603112835,	0.6428571428571429,	0.16822429906542055,	0.26666666666666666,	1.0,	0.1276595744680851,	0.22641509433962262,	0.515527950310559,	0.17849462365591398,	0.26517571884984026,	[True, True, False, True, True, False, True, False]
0.39705882352941174,	0.17880794701986755,	0.24657534246575344,	0.4489795918367347,	0.275,	0.3410852713178295,	0.4,	0.09345794392523364,	0.1515151515151515,	0.875,	0.14893617021276595,	0.25454545454545446,	0.44221105527638194,	0.18924731182795698,	0.2650602409638554,	[False, False, True, True, True, False, True, False]
0.3707865168539326,	0.2185430463576159,	0.275,	0.4358974358974359,	0.31875,	0.36823104693140796,	0.5185185185185185,	0.2616822429906542,	0.3478260869565218,	1.0,	0.14893617021276595,	0.25925925925925924,	0.44569288389513106,	0.25591397849462366,	0.32513661202185795,	[True, False, True, True, True, False, True, False]
0.43478260869565216,	0.26490066225165565,	0.32921810699588483,	0.4576271186440678,	0.3375,	0.38848920863309355,	0.5555555555555556,	0.14018691588785046,	0.22388059701492535,	0.875,	0.14893617021276595,	0.25454545454545446,	0.47346938775510206,	0.24946236559139784,	0.3267605633802817,	[False, True, True, True, True, False, True, False]
0.4158415841584158,	0.2781456953642384,	0.33333333333333326,	0.45132743362831856,	0.31875,	0.37362637362637363,	0.6296296296296297,	0.1588785046728972,	0.2537313432835821,	1.0,	0.14893617021276595,	0.25925925925925924,	0.4717741935483871,	0.25161290322580643,	0.3281907433380084,	[True, True, True, True, True, False, True, False]
0.6,	0.039735099337748346,	0.07453416149068325,	0.07894736842105263,	0.01875,	0.0303030303030303,	0.8,	0.037383177570093455,	0.07142857142857142,	0,	0.0,	0,	0.24528301886792453,	0.02795698924731183,	0.0501930501930502,	[False, False, False, False, False, True, True, False]
0.7,	0.046357615894039736,	0.08695652173913043,	0.08108108108108109,	0.01875,	0.030456852791878174,	0.5,	0.037383177570093455,	0.06956521739130435,	0,	0.0,	0,	0.2545454545454545,	0.030107526881720432,	0.053846153846153856,	[True, False, False, False, False, True, True, False]
0.5909090909090909,	0.08609271523178808,	0.15028901734104044,	0.21686746987951808,	0.1125,	0.14814814814814814,	1.0,	0.028037383177570093,	0.05454545454545455,	0,	0.0,	0,	0.3148148148148148,	0.07311827956989247,	0.11867364746945899,	[False, True, False, False, False, True, True, False]
0.7142857142857143,	0.06622516556291391,	0.12121212121212122,	0.21739130434782608,	0.0625,	0.09708737864077671,	1.0,	0.037383177570093455,	0.07207207207207207,	0,	0.0,	0,	0.375,	0.05161290322580645,	0.09073724007561437,	[True, True, False, False, False, True, True, False]
0.46153846153846156,	0.039735099337748346,	0.07317073170731708,	0.1527777777777778,	0.06875,	0.09482758620689655,	0.5555555555555556,	0.04672897196261682,	0.08620689655172413,	0.0,	0.0,	0,	0.22448979591836735,	0.047311827956989246,	0.07815275310834813,	[False, False, True, False, False, True, True, False]
0.5925925925925926,	0.10596026490066225,	0.1797752808988764,	0.15254237288135594,	0.05625,	0.0821917808219178,	0.5555555555555556,	0.04672897196261682,	0.08620689655172413,	0.0,	0.0,	0,	0.3,	0.06451612903225806,	0.10619469026548671,	[True, False, True, False, False, True, True, False]
0.4,	0.06622516556291391,	0.11363636363636365,	0.26,	0.1625,	0.2,	0.5384615384615384,	0.06542056074766354,	0.11666666666666665,	0.0,	0.0,	0,	0.30714285714285716,	0.09247311827956989,	0.14214876033057852,	[False, True, True, False, False, True, True, False]
0.3076923076923077,	0.052980132450331126,	0.0903954802259887,	0.21951219512195122,	0.1125,	0.1487603305785124,	0.35714285714285715,	0.04672897196261682,	0.08264462809917354,	0,	0.0,	0,	0.2540983606557377,	0.06666666666666667,	0.10562180579216354,	[True, True, True, False, False, True, True, False]
0.32432432432432434,	0.23841059602649006,	0.27480916030534347,	0.47413793103448276,	0.34375,	0.39855072463768115,	0.4074074074074074,	0.102803738317757,	0.16417910447761194,	1.0,	0.1276595744680851,	0.22641509433962262,	0.4153846153846154,	0.23225806451612904,	0.29793103448275865,	[False, False, False, True, False, True, True, False]
0.3333333333333333,	0.10596026490066225,	0.16080402010050251,	0.5063291139240507,	0.25,	0.33472803347280333,	0.38461538461538464,	0.14018691588785046,	0.2054794520547945,	1.0,	0.14893617021276595,	0.25925925925925924,	0.4508670520231214,	0.16774193548387098,	0.2445141065830721,	[True, False, False, True, False, True, True, False]
0.38636363636363635,	0.2251655629139073,	0.28451882845188287,	0.47619047619047616,	0.3125,	0.37735849056603776,	0.5806451612903226,	0.16822429906542055,	0.2608695652173913,	0.875,	0.14893617021276595,	0.25454545454545446,	0.4698275862068966,	0.23440860215053763,	0.31276901004304164,	[False, True, False, True, False, True, True, False]
0.3835616438356164,	0.18543046357615894,	0.24999999999999994,	0.5,	0.31875,	0.3893129770992366,	0.5806451612903226,	0.16822429906542055,	0.2608695652173913,	1.0,	0.1276595744680851,	0.22641509433962262,	0.4858490566037736,	0.221505376344086,	0.3042836041358936,	[True, True, False, True, False, True, True, False]
0.4666666666666667,	0.18543046357615894,	0.26540284360189575,	0.48623853211009177,	0.33125,	0.3940520446096654,	0.5238095238095238,	0.205607476635514,	0.29530201342281875,	0.8571428571428571,	0.1276595744680851,	0.2222222222222222,	0.5,	0.23440860215053763,	0.3191800878477306,	[False, False, True, True, False, True, True, False]
0.4175824175824176,	0.25165562913907286,	0.3140495867768595,	0.4491525423728814,	0.33125,	0.381294964028777,	0.47058823529411764,	0.14953271028037382,	0.22695035460992904,	1.0,	0.14893617021276595,	0.25925925925925924,	0.456,	0.24516129032258063,	0.31888111888111886,	[True, False, True, True, False, True, True, False]
0.42857142857142855,	0.23841059602649006,	0.3063829787234043,	0.45132743362831856,	0.31875,	0.37362637362637363,	0.5,	0.19626168224299065,	0.28187919463087246,	0.875,	0.14893617021276595,	0.25454545454545446,	0.46558704453441296,	0.24731182795698925,	0.3230337078651685,	[False, True, True, True, False, True, True, False]
0.4367816091954023,	0.25165562913907286,	0.31932773109243695,	0.45384615384615384,	0.36875,	0.40689655172413797,	0.4523809523809524,	0.17757009345794392,	0.2550335570469799,	1.0,	0.14893617021276595,	0.25925925925925924,	0.462406015037594,	0.2645161290322581,	0.3365253077975376,	[True, True, True, True, False, True, True, False]
0.45454545454545453,	0.06622516556291391,	0.115606936416185,	0.05263157894736842,	0.00625,	0.0111731843575419,	0.4,	0.037383177570093455,	0.06837606837606837,	0,	0.0,	0,	0.29411764705882354,	0.03225806451612903,	0.05813953488372092,	[False, False, False, False, True, True, True, False]
0.5,	0.039735099337748346,	0.0736196319018405,	0.06818181818181818,	0.01875,	0.02941176470588235,	1.0,	0.018691588785046728,	0.03669724770642201,	0,	0.0,	0,	0.1896551724137931,	0.023655913978494623,	0.04206500956022945,	[True, False, False, False, True, True, True, False]
0.5238095238095238,	0.0728476821192053,	0.12790697674418605,	0.21621621621621623,	0.05,	0.08121827411167513,	0.6666666666666666,	0.07476635514018691,	0.13445378151260504,	0,	0.0,	0,	0.38571428571428573,	0.05806451612903226,	0.10093457943925234,	[False, True, False, False, True, True, True, False]
0.6111111111111112,	0.0728476821192053,	0.1301775147928994,	0.2631578947368421,	0.0625,	0.10101010101010101,	0.5,	0.06542056074766354,	0.11570247933884296,	0,	0.0,	0,	0.4,	0.060215053763440864,	0.10467289719626169,	[True, True, False, False, True, True, True, False]
0.4482758620689655,	0.08609271523178808,	0.14444444444444443,	0.16666666666666666,	0.05625,	0.08411214953271029,	0.35,	0.06542056074766354,	0.11023622047244093,	0.0,	0.0,	0,	0.2761904761904762,	0.06236559139784946,	0.10175438596491228,	[False, False, True, False, True, True, True, False]
0.3584905660377358,	0.12582781456953643,	0.18627450980392157,	0.09523809523809523,	0.025,	0.03960396039603961,	0.38461538461538464,	0.04672897196261682,	0.08333333333333333,	0,	0.0,	0,	0.25925925925925924,	0.060215053763440864,	0.09773123909249563,	[True, False, True, False, True, True, True, False]
0.6176470588235294,	0.1390728476821192,	0.22702702702702698,	0.2682926829268293,	0.1375,	0.18181818181818182,	0.42857142857142855,	0.056074766355140186,	0.09917355371900825,	0.0,	0.0,	0,	0.3712121212121212,	0.1053763440860215,	0.16415410385259635,	[False, True, True, False, True, True, True, False]
0.5952380952380952,	0.16556291390728478,	0.2590673575129534,	0.24615384615384617,	0.1,	0.14222222222222225,	0.42857142857142855,	0.056074766355140186,	0.09917355371900825,	0.0,	0.0,	0,	0.38524590163934425,	0.1010752688172043,	0.16013628620102213,	[True, True, True, False, True, True, True, False]
0.38636363636363635,	0.2251655629139073,	0.28451882845188287,	0.48333333333333334,	0.18125,	0.2636363636363636,	0.5454545454545454,	0.11214953271028037,	0.18604651162790697,	1.0,	0.14893617021276595,	0.25925925925925924,	0.4632768361581921,	0.17634408602150536,	0.2554517133956386,	[False, False, False, True, True, True, True, False]
0.45454545454545453,	0.1986754966887417,	0.2764976958525346,	0.48333333333333334,	0.18125,	0.2636363636363636,	0.5833333333333334,	0.1308411214953271,	0.21374045801526714,	1.0,	0.14893617021276595,	0.25925925925925924,	0.5095541401273885,	0.17204301075268819,	0.25723472668810293,	[True, False, False, True, True, True, True, False]
0.4492753623188406,	0.2052980132450331,	0.28181818181818186,	0.4492753623188406,	0.19375,	0.27074235807860264,	0.782608695652174,	0.16822429906542055,	0.2769230769230769,	1.0,	0.14893617021276595,	0.25925925925925924,	0.5178571428571429,	0.1870967741935484,	0.27488151658767773,	[False, True, False, True, True, True, True, False]
0.5084745762711864,	0.1986754966887417,	0.2857142857142857,	0.4393939393939394,	0.18125,	0.25663716814159293,	0.85,	0.1588785046728972,	0.26771653543307083,	1.0,	0.14893617021276595,	0.25925925925925924,	0.5460526315789473,	0.17849462365591398,	0.26904376012965964,	[True, True, False, True, True, True, True, False]
0.45454545454545453,	0.26490066225165565,	0.33472803347280333,	0.47959183673469385,	0.29375,	0.36434108527131787,	0.5333333333333333,	0.22429906542056074,	0.3157894736842105,	0.875,	0.14893617021276595,	0.25454545454545446,	0.49372384937238495,	0.2537634408602151,	0.33522727272727276,	[False, False, True, True, True, True, True, False]
0.45121951219512196,	0.24503311258278146,	0.3175965665236052,	0.47191011235955055,	0.2625,	0.3373493975903615,	0.5348837209302325,	0.21495327102803738,	0.30666666666666664,	1.0,	0.14893617021276595,	0.25925925925925924,	0.49321266968325794,	0.23440860215053763,	0.3177842565597668,	[True, False, True, True, True, True, True, False]
0.47058823529411764,	0.26490066225165565,	0.33898305084745767,	0.45454545454545453,	0.3125,	0.3703703703703703,	0.525,	0.19626168224299065,	0.2857142857142857,	0.875,	0.14893617021276595,	0.25454545454545446,	0.48559670781893005,	0.2537634408602151,	0.33333333333333337,	[False, True, True, True, True, True, True, False]
0.5064935064935064,	0.2582781456953642,	0.34210526315789475,	0.46153846153846156,	0.2625,	0.3346613545816733,	0.5,	0.18691588785046728,	0.27210884353741494,	1.0,	0.14893617021276595,	0.25925925925925924,	0.5023255813953489,	0.23225806451612904,	0.3176470588235294,	[True, True, True, True, True, True, True, False]
0,	0.0,	0,	0,	0.0,	0,	0,	0.0,	0,	0,	0.0,	0,	0,	0.0,	0,	[False, False, False, False, False, False, False, True]
0,	0.0,	0,	0,	0.0,	0,	0,	0.0,	0,	0,	0.0,	0,	0,	0.0,	0,	[True, False, False, False, False, False, False, True]
0.6666666666666666,	0.039735099337748346,	0.07500000000000001,	0.3142857142857143,	0.06875,	0.11282051282051284,	1.0,	0.018691588785046728,	0.03669724770642201,	0,	0.0,	0,	0.41304347826086957,	0.04086021505376344,	0.07436399217221136,	[False, True, False, False, False, False, False, True]
0.5454545454545454,	0.039735099337748346,	0.07407407407407408,	0.3333333333333333,	0.06875,	0.11398963730569948,	1.0,	0.018691588785046728,	0.03669724770642201,	0.0,	0.0,	0,	0.3958333333333333,	0.04086021505376344,	0.07407407407407408,	[True, True, False, False, False, False, False, True]
0.2727272727272727,	0.019867549668874173,	0.03703703703703704,	0.12,	0.0375,	0.05714285714285714,	0.0,	0.0,	0,	0,	0.0,	0,	0.140625,	0.01935483870967742,	0.034026465028355386,	[False, False, True, False, False, False, False, True]
0.2,	0.006622516556291391,	0.01282051282051282,	0.10810810810810811,	0.025,	0.04060913705583757,	0.0,	0.0,	0,	0.0,	0.0,	0,	0.10638297872340426,	0.010752688172043012,	0.01953125,	[True, False, True, False, False, False, False, True]
0.34615384615384615,	0.059602649006622516,	0.10169491525423728,	0.37735849056603776,	0.125,	0.18779342723004694,	1.0,	0.018691588785046728,	0.03669724770642201,	0,	0.0,	0,	0.38271604938271603,	0.06666666666666667,	0.11355311355311355,	[False, True, True, False, False, False, False, True]
0.375,	0.059602649006622516,	0.10285714285714287,	0.27419354838709675,	0.10625,	0.15315315315315314,	0,	0.0,	0,	0,	0.0,	0,	0.3023255813953488,	0.05591397849462366,	0.09437386569872959,	[True, True, True, False, False, False, False, True]
0.2708333333333333,	0.4304635761589404,	0.33248081841432225,	0.29064039408866993,	0.36875,	0.325068870523416,	0.3048780487804878,	0.2336448598130841,	0.26455026455026454,	0.45,	0.19148936170212766,	0.26865671641791045,	0.28990825688073396,	0.33978494623655914,	0.3128712871287129,	[False, False, False, True, False, False, False, True]
0.2992125984251969,	0.25165562913907286,	0.27338129496402874,	0.38028169014084506,	0.3375,	0.35761589403973504,	0.5,	0.08411214953271028,	0.144,	0.5454545454545454,	0.1276595744680851,	0.2068965517241379,	0.35906040268456374,	0.23010752688172043,	0.28047182175622537,	[True, False, False, True, False, False, False, True]
0.37962962962962965,	0.271523178807947,	0.31660231660231664,	0.4393939393939394,	0.3625,	0.3972602739726027,	0.3148148148148148,	0.1588785046728972,	0.2111801242236025,	0.4117647058823529,	0.14893617021276595,	0.21875,	0.3954983922829582,	0.2645161290322581,	0.31701030927835055,	[False, True, False, True, False, False, False, True]
0.3917525773195876,	0.25165562913907286,	0.3064516129032258,	0.45,	0.3375,	0.3857142857142857,	0.4444444444444444,	0.11214953271028037,	0.1791044776119403,	0.5,	0.02127659574468085,	0.04081632653061224,	0.4268292682926829,	0.22580645161290322,	0.29535864978902954,	[True, True, False, True, False, False, False, True]
0.34710743801652894,	0.2781456953642384,	0.30882352941176466,	0.44545454545454544,	0.30625,	0.36296296296296293,	0.5294117647058824,	0.16822429906542055,	0.2553191489361702,	0.6666666666666666,	0.1702127659574468,	0.2711864406779661,	0.4223826714801444,	0.25161290322580643,	0.3153638814016172,	[False, False, True, True, False, False, False, True]
0.34146341463414637,	0.18543046357615894,	0.24034334763948498,	0.4766355140186916,	0.31875,	0.3820224719101123,	0.43243243243243246,	0.14953271028037382,	0.22222222222222218,	1.0,	0.14893617021276595,	0.25925925925925924,	0.43776824034334766,	0.21935483870967742,	0.2922636103151863,	[True, False, True, True, False, False, False, True]
0.43820224719101125,	0.2582781456953642,	0.325,	0.4909090909090909,	0.3375,	0.4,	0.5172413793103449,	0.14018691588785046,	0.22058823529411764,	0.6666666666666666,	0.1702127659574468,	0.2711864406779661,	0.48333333333333334,	0.24946236559139784,	0.32907801418439714,	[False, True, True, True, False, False, False, True]
0.38392857142857145,	0.2847682119205298,	0.3269961977186312,	0.49074074074074076,	0.33125,	0.39552238805970147,	0.47368421052631576,	0.16822429906542055,	0.2482758620689655,	1.0,	0.14893617021276595,	0.25925925925925924,	0.45660377358490567,	0.26021505376344084,	0.3315068493150685,	[True, True, True, True, False, False, False, True]
0.5,	0.09271523178807947,	0.1564245810055866,	0.21794871794871795,	0.10625,	0.14285714285714285,	0.0,	0.0,	0,	0,	0.0,	0,	0.2818181818181818,	0.06666666666666667,	0.10782608695652175,	[False, False, False, False, True, False, False, True]
0.5,	0.06622516556291391,	0.11695906432748539,	0.1935483870967742,	0.1125,	0.1422924901185771,	0.0,	0.0,	0,	0,	0.0,	0,	0.23931623931623933,	0.060215053763440864,	0.09621993127147767,	[True, False, False, False, True, False, False, True]
0.375,	0.07947019867549669,	0.13114754098360656,	0.2184873949579832,	0.1625,	0.1863799283154122,	0.21052631578947367,	0.037383177570093455,	0.06349206349206349,	0,	0.0,	0,	0.24705882352941178,	0.09032258064516129,	0.13228346456692913,	[False, True, False, False, True, False, False, True]
0.45454545454545453,	0.06622516556291391,	0.115606936416185,	0.24742268041237114,	0.15,	0.18677042801556418,	0.5,	0.018691588785046728,	0.036036036036036036,	0,	0.0,	0,	0.2926829268292683,	0.07741935483870968,	0.12244897959183673,	[True, True, False, False, True, False, False, True]
0.4166666666666667,	0.09933774834437085,	0.160427807486631,	0.14432989690721648,	0.0875,	0.10894941634241245,	0.75,	0.028037383177570093,	0.05405405405405405,	0,	0.0,	0,	0.23357664233576642,	0.06881720430107527,	0.10631229235880399,	[False, False, True, False, True, False, False, True]
0.27586206896551724,	0.052980132450331126,	0.08888888888888889,	0.13333333333333333,	0.075,	0.09600000000000002,	0.3684210526315789,	0.06542056074766354,	0.11111111111111109,	0.0,	0.0,	0,	0.19424460431654678,	0.05806451612903226,	0.08940397350993379,	[True, False, True, False, True, False, False, True]
0.38,	0.12582781456953643,	0.18905472636815923,	0.25773195876288657,	0.15625,	0.19455252918287938,	0.3125,	0.04672897196261682,	0.08130081300813008,	0,	0.0,	0,	0.3006134969325153,	0.1053763440860215,	0.1560509554140127,	[False, True, True, False, True, False, False, True]
0.4426229508196721,	0.17880794701986755,	0.25471698113207547,	0.2222222222222222,	0.1375,	0.1698841698841699,	0.6,	0.028037383177570093,	0.053571428571428575,	0,	0.0,	0,	0.3151515151515151,	0.11182795698924732,	0.1650793650793651,	[True, True, True, False, True, False, False, True]
0.3333333333333333,	0.2781456953642384,	0.30324909747292417,	0.46534653465346537,	0.29375,	0.36015325670498083,	0.36585365853658536,	0.14018691588785046,	0.2027027027027027,	0.6153846153846154,	0.1702127659574468,	0.26666666666666666,	0.398576512455516,	0.24086021505376345,	0.3002680965147453,	[False, False, False, True, True, False, False, True]
0.3181818181818182,	0.2781456953642384,	0.29681978798586567,	0.44339622641509435,	0.29375,	0.3533834586466166,	0.43243243243243246,	0.14953271028037382,	0.22222222222222218,	0.6153846153846154,	0.1702127659574468,	0.26666666666666666,	0.3923611111111111,	0.24301075268817204,	0.300132802124834,	[True, False, False, True, True, False, False, True]
0.4631578947368421,	0.2913907284768212,	0.3577235772357723,	0.4322033898305085,	0.31875,	0.3669064748201439,	0.5,	0.205607476635514,	0.2913907284768212,	0.5384615384615384,	0.14893617021276595,	0.23333333333333334,	0.45925925925925926,	0.26666666666666666,	0.3374149659863946,	[False, True, False, True, True, False, False, True]
0.5466666666666666,	0.271523178807947,	0.36283185840707965,	0.472,	0.36875,	0.41403508771929826,	0.48717948717948717,	0.17757009345794392,	0.2602739726027397,	1.0,	0.0851063829787234,	0.1568627450980392,	0.5061728395061729,	0.2645161290322581,	0.3474576271186441,	[True, True, False, True, True, False, False, True]
0.47115384615384615,	0.32450331125827814,	0.3843137254901961,	0.46601941747572817,	0.3,	0.36501901140684406,	0.48484848484848486,	0.14953271028037382,	0.22857142857142854,	0.5833333333333334,	0.14893617021276595,	0.23728813559322032,	0.47619047619047616,	0.25806451612903225,	0.33472803347280333,	[False, False, True, True, True, False, False, True]
0.47674418604651164,	0.271523178807947,	0.3459915611814346,	0.47572815533980584,	0.30625,	0.3726235741444867,	0.6428571428571429,	0.08411214953271028,	0.1487603305785124,	1.0,	0.14893617021276595,	0.25925925925925924,	0.5047619047619047,	0.22795698924731184,	0.31407407407407406,	[True, False, True, True, True, False, False, True]
0.4583333333333333,	0.2913907284768212,	0.3562753036437247,	0.48148148148148145,	0.325,	0.3880597014925373,	0.5,	0.16822429906542055,	0.2517482517482517,	0.6666666666666666,	0.1702127659574468,	0.2711864406779661,	0.48412698412698413,	0.2623655913978495,	0.34030683403068346,	[False, True, True, True, True, False, False, True]
0.41134751773049644,	0.3841059602649007,	0.3972602739726027,	0.49074074074074076,	0.33125,	0.39552238805970147,	0.5,	0.205607476635514,	0.2913907284768212,	0.7,	0.14893617021276595,	0.24561403508771928,	0.46204620462046203,	0.3010752688172043,	0.3645833333333333,	[True, True, True, True, True, False, False, True]
0.25,	0.006622516556291391,	0.012903225806451615,	0.075,	0.01875,	0.03,	0.75,	0.028037383177570093,	0.05405405405405405,	0,	0.0,	0,	0.14583333333333334,	0.015053763440860216,	0.027290448343079924,	[False, False, False, False, False, True, False, True]
0.8,	0.052980132450331126,	0.09937888198757763,	0.09090909090909091,	0.025,	0.03921568627450981,	0.8,	0.037383177570093455,	0.07142857142857142,	0,	0.0,	0,	0.2711864406779661,	0.034408602150537634,	0.06106870229007633,	[True, False, False, False, False, True, False, True]
0.5714285714285714,	0.07947019867549669,	0.13953488372093026,	0.2318840579710145,	0.1,	0.13973799126637554,	1.0,	0.04672897196261682,	0.08928571428571429,	0,	0.0,	0,	0.3473684210526316,	0.07096774193548387,	0.11785714285714285,	[False, True, False, False, False, True, False, True]
0.6153846153846154,	0.10596026490066225,	0.1807909604519774,	0.19767441860465115,	0.10625,	0.13821138211382114,	1.0,	0.037383177570093455,	0.07207207207207207,	0,	0.0,	0,	0.31896551724137934,	0.07956989247311828,	0.12736660929432014,	[True, True, False, False, False, True, False, True]
0.5909090909090909,	0.08609271523178808,	0.15028901734104044,	0.1267605633802817,	0.05625,	0.07792207792207792,	0.5454545454545454,	0.056074766355140186,	0.10169491525423728,	0.0,	0.0,	0,	0.2641509433962264,	0.060215053763440864,	0.09807355516637477,	[False, False, True, False, False, True, False, True]
0.47058823529411764,	0.052980132450331126,	0.09523809523809523,	0.14925373134328357,	0.0625,	0.08810572687224669,	0.46153846153846156,	0.056074766355140186,	0.09999999999999999,	0.0,	0.0,	0,	0.23529411764705882,	0.05161290322580645,	0.08465608465608465,	[True, False, True, False, False, True, False, True]
0.43478260869565216,	0.06622516556291391,	0.11494252873563218,	0.22972972972972974,	0.10625,	0.1452991452991453,	0.875,	0.06542056074766354,	0.12173913043478259,	0,	0.0,	0,	0.3238095238095238,	0.07311827956989247,	0.11929824561403508,	[False, True, True, False, False, True, False, True]
0.3793103448275862,	0.0728476821192053,	0.12222222222222222,	0.18823529411764706,	0.1,	0.1306122448979592,	1.0,	0.056074766355140186,	0.10619469026548672,	0,	0.0,	0,	0.275,	0.07096774193548387,	0.11282051282051282,	[True, True, True, False, False, True, False, True]
0.41414141414141414,	0.271523178807947,	0.32799999999999996,	0.46938775510204084,	0.2875,	0.35658914728682173,	0.5405405405405406,	0.18691588785046728,	0.2777777777777778,	0.4,	0.0425531914893617,	0.07692307692307691,	0.4560669456066946,	0.23440860215053763,	0.30965909090909094,	[False, False, False, True, False, True, False, True]
0.39805825242718446,	0.271523178807947,	0.3228346456692914,	0.45535714285714285,	0.31875,	0.37499999999999994,	0.4473684210526316,	0.1588785046728972,	0.23448275862068965,	0.5454545454545454,	0.1276595744680851,	0.2068965517241379,	0.4356060606060606,	0.24731182795698925,	0.3155006858710563,	[True, False, False, True, False, True, False, True]
0.4444444444444444,	0.26490066225165565,	0.33195020746887965,	0.4878048780487805,	0.375,	0.42402826855123676,	0.48214285714285715,	0.2523364485981308,	0.3312883435582822,	0.4444444444444444,	0.0851063829787234,	0.14285714285714285,	0.4712230215827338,	0.2817204301075269,	0.35262449528936746,	[False, True, False, True, False, True, False, True]
0.38596491228070173,	0.2913907284768212,	0.33207547169811313,	0.45901639344262296,	0.35,	0.3971631205673759,	0.4523809523809524,	0.17757009345794392,	0.2550335570469799,	1.0,	0.02127659574468085,	0.04166666666666667,	0.43010752688172044,	0.25806451612903225,	0.32258064516129026,	[True, True, False, True, False, True, False, True]
0.4657534246575342,	0.2251655629139073,	0.30357142857142855,	0.5096153846153846,	0.33125,	0.40151515151515144,	0.5098039215686274,	0.24299065420560748,	0.3291139240506329,	0.5833333333333334,	0.14893617021276595,	0.23728813559322032,	0.5,	0.25806451612903225,	0.3404255319148936,	[False, False, True, True, False, True, False, True]
0.46774193548387094,	0.19205298013245034,	0.27230046948356806,	0.4766355140186916,	0.31875,	0.3820224719101123,	0.5681818181818182,	0.2336448598130841,	0.3311258278145695,	1.0,	0.14893617021276595,	0.25925925925925924,	0.509090909090909,	0.24086021505376345,	0.32700729927007305,	[True, False, True, True, False, True, False, True]
0.4358974358974359,	0.2251655629139073,	0.296943231441048,	0.49572649572649574,	0.3625,	0.41877256317689526,	0.5,	0.18691588785046728,	0.27210884353741494,	0.6666666666666666,	0.1702127659574468,	0.2711864406779661,	0.48582995951417,	0.25806451612903225,	0.33707865168539325,	[False, True, True, True, False, True, False, True]
0.43373493975903615,	0.23841059602649006,	0.3076923076923077,	0.4672131147540984,	0.35625,	0.4042553191489362,	0.5111111111111111,	0.21495327102803738,	0.3026315789473684,	1.0,	0.14893617021276595,	0.25925925925925924,	0.4785992217898833,	0.2645161290322581,	0.3407202216066482,	[True, True, True, True, False, True, False, True]
0.5238095238095238,	0.0728476821192053,	0.12790697674418605,	0.15217391304347827,	0.04375,	0.06796116504854367,	0.375,	0.028037383177570093,	0.05217391304347826,	0,	0.0,	0,	0.28,	0.04516129032258064,	0.07777777777777777,	[False, False, False, False, True, True, False, True]
0.4,	0.09271523178807947,	0.15053763440860216,	0.09090909090909091,	0.01875,	0.0310880829015544,	0.5,	0.037383177570093455,	0.06956521739130435,	0,	0.0,	0,	0.27631578947368424,	0.04516129032258064,	0.07763401109057301,	[True, False, False, False, True, True, False, True]
0.6,	0.07947019867549669,	0.14035087719298248,	0.33766233766233766,	0.1625,	0.21940928270042198,	0.75,	0.028037383177570093,	0.05405405405405405,	0,	0.0,	0,	0.40594059405940597,	0.08817204301075268,	0.14487632508833923,	[False, True, False, False, True, True, False, True]
0.5925925925925926,	0.10596026490066225,	0.1797752808988764,	0.21875,	0.04375,	0.07291666666666666,	1.0,	0.037383177570093455,	0.07207207207207207,	0,	0.0,	0,	0.42857142857142855,	0.05806451612903226,	0.10227272727272728,	[True, True, False, False, True, True, False, True]
0.375,	0.11920529801324503,	0.18090452261306533,	0.1527777777777778,	0.06875,	0.09482758620689655,	0.4166666666666667,	0.04672897196261682,	0.08403361344537814,	0,	0.0,	0,	0.25757575757575757,	0.07311827956989247,	0.11390284757118929,	[False, False, True, False, True, True, False, True]
0.375,	0.09933774834437085,	0.1570680628272251,	0.21505376344086022,	0.125,	0.15810276679841895,	0.5,	0.056074766355140186,	0.10084033613445378,	0,	0.0,	0,	0.2827586206896552,	0.08817204301075268,	0.13442622950819672,	[True, False, True, False, True, True, False, True]
0.5531914893617021,	0.17218543046357615,	0.2626262626262626,	0.3,	0.16875,	0.21600000000000003,	0.5833333333333334,	0.06542056074766354,	0.1176470588235294,	0,	0.0,	0,	0.40268456375838924,	0.12903225806451613,	0.19543973941368076,	[False, True, True, False, True, True, False, True]
0.5476190476190477,	0.152317880794702,	0.2383419689119171,	0.2682926829268293,	0.1375,	0.18181818181818182,	0.375,	0.056074766355140186,	0.09756097560975609,	0.0,	0.0,	0,	0.3617021276595745,	0.10967741935483871,	0.16831683168316833,	[True, True, True, False, True, True, False, True]
0.43902439024390244,	0.23841059602649006,	0.30901287553648066,	0.4673913043478261,	0.26875,	0.3412698412698412,	0.5517241379310345,	0.14953271028037382,	0.2352941176470588,	0.6666666666666666,	0.1702127659574468,	0.2711864406779661,	0.4790697674418605,	0.221505376344086,	0.30294117647058827,	[False, False, False, True, True, True, False, True]
0.4367816091954023,	0.25165562913907286,	0.31932773109243695,	0.45555555555555555,	0.25625,	0.32799999999999996,	0.5862068965517241,	0.1588785046728972,	0.24999999999999997,	0.6363636363636364,	0.14893617021276595,	0.24137931034482757,	0.47465437788018433,	0.221505376344086,	0.3020527859237537,	[True, False, False, True, True, True, False, True]
0.43529411764705883,	0.24503311258278146,	0.3135593220338983,	0.5,	0.3125,	0.38461538461538464,	0.5263157894736842,	0.18691588785046728,	0.27586206896551724,	0.6666666666666666,	0.1702127659574468,	0.2711864406779661,	0.48936170212765956,	0.24731182795698925,	0.32857142857142857,	[False, True, False, True, True, True, False, True]
0.43283582089552236,	0.19205298013245034,	0.26605504587155965,	0.44285714285714284,	0.19375,	0.26956521739130435,	0.875,	0.1308411214953271,	0.2276422764227642,	0.8571428571428571,	0.1276595744680851,	0.2222222222222222,	0.5,	0.17204301075268819,	0.256,	[True, True, False, True, True, True, False, True]
0.49411764705882355,	0.2781456953642384,	0.3559322033898305,	0.47572815533980584,	0.30625,	0.3726235741444867,	0.5714285714285714,	0.22429906542056074,	0.3221476510067114,	0.5833333333333334,	0.14893617021276595,	0.23728813559322032,	0.5041322314049587,	0.2623655913978495,	0.34512022630834516,	[False, False, True, True, True, True, False, True]
0.45,	0.23841059602649006,	0.3116883116883116,	0.46153846153846156,	0.3,	0.3636363636363637,	0.6451612903225806,	0.18691588785046728,	0.28985507246376807,	1.0,	0.14893617021276595,	0.25925925925925924,	0.5,	0.23870967741935484,	0.3231441048034934,	[True, False, True, True, True, True, False, True]
0.5168539325842697,	0.304635761589404,	0.3833333333333333,	0.5137614678899083,	0.35,	0.4163568773234201,	0.5641025641025641,	0.205607476635514,	0.3013698630136986,	0.6363636363636364,	0.14893617021276595,	0.24137931034482757,	0.5282258064516129,	0.2817204301075269,	0.36746143057503505,	[False, True, True, True, True, True, False, True]
0.525,	0.2781456953642384,	0.36363636363636365,	0.4716981132075472,	0.3125,	0.3759398496240602,	0.625,	0.18691588785046728,	0.28776978417266186,	0.7777777777777778,	0.14893617021276595,	0.25,	0.5242290748898678,	0.25591397849462366,	0.3439306358381503,	[True, True, True, True, True, True, False, True]
0,	0.0,	0,	0,	0.0,	0,	0,	0.0,	0,	0,	0.0,	0,	0,	0.0,	0,	[False, False, False, False, False, False, True, True]
0,	0.0,	0,	0,	0.0,	0,	0,	0.0,	0,	0,	0.0,	0,	0,	0.0,	0,	[True, False, False, False, False, False, True, True]
0.75,	0.039735099337748346,	0.07547169811320754,	0.3333333333333333,	0.0625,	0.10526315789473684,	1.0,	0.018691588785046728,	0.03669724770642201,	0,	0.0,	0,	0.45,	0.03870967741935484,	0.0712871287128713,	[False, True, False, False, False, False, True, True]
0.4444444444444444,	0.052980132450331126,	0.09467455621301776,	0.24444444444444444,	0.06875,	0.1073170731707317,	0.4,	0.018691588785046728,	0.03571428571428571,	0.0,	0.0,	0,	0.30434782608695654,	0.04516129032258064,	0.07865168539325841,	[True, True, False, False, False, False, True, True]
0.3,	0.019867549668874173,	0.03726708074534162,	0.11904761904761904,	0.03125,	0.04950495049504951,	0.0,	0.0,	0,	0,	0.0,	0,	0.1509433962264151,	0.017204301075268817,	0.030888030888030885,	[False, False, True, False, False, False, True, True]
0.3,	0.039735099337748346,	0.07017543859649124,	0.11363636363636363,	0.03125,	0.04901960784313725,	0.0,	0.0,	0,	0.0,	0.0,	0,	0.16417910447761194,	0.023655913978494623,	0.041353383458646614,	[True, False, True, False, False, False, True, True]
0.22857142857142856,	0.052980132450331126,	0.08602150537634408,	0.3375,	0.16875,	0.22499999999999998,	0.5,	0.018691588785046728,	0.036036036036036036,	0,	0.0,	0,	0.31092436974789917,	0.07956989247311828,	0.1267123287671233,	[False, True, True, False, False, False, True, True]
0.2571428571428571,	0.059602649006622516,	0.0967741935483871,	0.3559322033898305,	0.13125,	0.1917808219178082,	0.2857142857142857,	0.018691588785046728,	0.03508771929824561,	0.0,	0.0,	0,	0.3106796116504854,	0.06881720430107527,	0.11267605633802817,	[True, True, True, False, False, False, True, True]
0.26262626262626265,	0.3443708609271523,	0.2979942693409742,	0.2879581151832461,	0.34375,	0.31339031339031337,	0.3620689655172414,	0.19626168224299065,	0.2545454545454545,	0.5,	0.0425531914893617,	0.0784313725490196,	0.28824833702882485,	0.27956989247311825,	0.28384279475982527,	[False, False, False, True, False, False, True, True]
0.27956989247311825,	0.3443708609271523,	0.30860534124629074,	0.32748538011695905,	0.35,	0.338368580060423,	0.38636363636363635,	0.1588785046728972,	0.22516556291390727,	0.42105263157894735,	0.1702127659574468,	0.24242424242424243,	0.31666666666666665,	0.2860215053763441,	0.30056497175141245,	[True, False, False, True, False, False, True, True]
0.38345864661654133,	0.33774834437086093,	0.35915492957746475,	0.4222222222222222,	0.35625,	0.3864406779661017,	0.358974358974359,	0.1308411214953271,	0.1917808219178082,	0.5833333333333334,	0.14893617021276595,	0.23728813559322032,	0.4043887147335423,	0.27741935483870966,	0.32908163265306123,	[False, True, False, True, False, False, True, True]
0.37037037037037035,	0.26490066225165565,	0.3088803088803089,	0.46218487394957986,	0.34375,	0.39426523297491045,	0.3617021276595745,	0.1588785046728972,	0.2207792207792208,	1.0,	0.10638297872340426,	0.1923076923076923,	0.41935483870967744,	0.25161290322580643,	0.3145161290322581,	[True, True, False, True, False, False, True, True]
0.38144329896907214,	0.24503311258278146,	0.2983870967741935,	0.4537037037037037,	0.30625,	0.36567164179104483,	0.4583333333333333,	0.102803738317757,	0.16793893129770993,	0.6666666666666666,	0.1702127659574468,	0.2711864406779661,	0.43568464730290457,	0.22580645161290322,	0.29745042492917845,	[False, False, True, True, False, False, True, True]
0.34579439252336447,	0.24503311258278146,	0.2868217054263566,	0.4563106796116505,	0.29375,	0.3574144486692016,	0.4489795918367347,	0.205607476635514,	0.28205128205128205,	0.7777777777777778,	0.14893617021276595,	0.25,	0.4216417910447761,	0.24301075268817204,	0.3083219645293315,	[True, False, True, True, False, False, True, True]
0.42168674698795183,	0.23178807947019867,	0.2991452991452992,	0.4745762711864407,	0.35,	0.4028776978417266,	0.43333333333333335,	0.12149532710280374,	0.18978102189781024,	0.6666666666666666,	0.1702127659574468,	0.2711864406779661,	0.4609053497942387,	0.24086021505376345,	0.3163841807909605,	[False, True, True, True, False, False, True, True]
0.3854166666666667,	0.24503311258278146,	0.29959514170040485,	0.488,	0.38125,	0.4280701754385965,	0.5,	0.1588785046728972,	0.24113475177304963,	0.6666666666666666,	0.1702127659574468,	0.2711864406779661,	0.4606741573033708,	0.2645161290322581,	0.3360655737704918,	[True, True, True, True, False, False, True, True]
0.14285714285714285,	0.006622516556291391,	0.012658227848101266,	0.13793103448275862,	0.025,	0.04232804232804233,	0,	0.0,	0,	0,	0.0,	0,	0.1388888888888889,	0.010752688172043012,	0.019960079840319365,	[False, False, False, False, True, False, True, True]
0.3888888888888889,	0.046357615894039736,	0.08284023668639053,	0.17073170731707318,	0.04375,	0.06965174129353234,	0,	0.0,	0,	0,	0.0,	0,	0.23728813559322035,	0.030107526881720432,	0.05343511450381679,	[True, False, False, False, True, False, True, True]
0.47058823529411764,	0.052980132450331126,	0.09523809523809523,	0.2676056338028169,	0.11875,	0.16450216450216446,	0.3333333333333333,	0.028037383177570093,	0.05172413793103448,	0,	0.0,	0,	0.30927835051546393,	0.06451612903225806,	0.10676156583629894,	[False, True, False, False, True, False, True, True]
0.4,	0.06622516556291391,	0.11363636363636365,	0.25,	0.1375,	0.1774193548387097,	0.25,	0.009345794392523364,	0.018018018018018018,	0,	0.0,	0,	0.28205128205128205,	0.07096774193548387,	0.1134020618556701,	[True, True, False, False, True, False, True, True]
0.3018867924528302,	0.10596026490066225,	0.15686274509803924,	0.125,	0.0625,	0.08333333333333333,	0.6,	0.028037383177570093,	0.053571428571428575,	0.0,	0.0,	0,	0.20567375886524822,	0.06236559139784946,	0.0957095709570957,	[False, False, True, False, True, False, True, True]
0.23529411764705882,	0.026490066225165563,	0.047619047619047616,	0.140625,	0.05625,	0.08035714285714285,	0.5,	0.009345794392523364,	0.018348623853211007,	0,	0.0,	0,	0.1686746987951807,	0.030107526881720432,	0.051094890510948905,	[True, False, True, False, True, False, True, True]
0.4074074074074074,	0.0728476821192053,	0.12359550561797752,	0.20192307692307693,	0.13125,	0.1590909090909091,	0.2857142857142857,	0.037383177570093455,	0.06611570247933883,	0.0,	0.0,	0,	0.2465753424657534,	0.07741935483870968,	0.11783960720130934,	[False, True, True, False, True, False, True, True]
0.38235294117647056,	0.08609271523178808,	0.14054054054054055,	0.21782178217821782,	0.1375,	0.1685823754789272,	0.36363636363636365,	0.037383177570093455,	0.06779661016949151,	0,	0.0,	0,	0.2671232876712329,	0.08387096774193549,	0.12765957446808512,	[True, True, True, False, True, False, True, True]
0.27472527472527475,	0.16556291390728478,	0.2066115702479339,	0.47572815533980584,	0.30625,	0.3726235741444867,	0.631578947368421,	0.11214953271028037,	0.1904761904761905,	1.0,	0.14893617021276595,	0.25925925925925924,	0.42272727272727273,	0.2,	0.27153284671532846,	[False, False, False, True, True, False, True, True]
0.3076923076923077,	0.07947019867549669,	0.12631578947368421,	0.4864864864864865,	0.225,	0.3076923076923077,	0.5714285714285714,	0.11214953271028037,	0.18749999999999997,	1.0,	0.14893617021276595,	0.25925925925925924,	0.475177304964539,	0.14408602150537633,	0.2211221122112211,	[True, False, False, True, True, False, True, True]
0.4367816091954023,	0.25165562913907286,	0.31932773109243695,	0.45038167938931295,	0.36875,	0.4054982817869416,	0.5277777777777778,	0.17757009345794392,	0.26573426573426573,	1.0,	0.14893617021276595,	0.25925925925925924,	0.47126436781609193,	0.2645161290322581,	0.33884297520661155,	[False, True, False, True, True, False, True, True]
0.41935483870967744,	0.08609271523178808,	0.14285714285714285,	0.4787234042553192,	0.28125,	0.3543307086614173,	0.5625,	0.16822429906542055,	0.2589928057553957,	1.0,	0.1276595744680851,	0.22641509433962262,	0.5030674846625767,	0.17634408602150536,	0.2611464968152866,	[True, True, False, True, True, False, True, True]
0.39436619718309857,	0.18543046357615894,	0.2522522522522523,	0.46534653465346537,	0.29375,	0.36015325670498083,	0.41379310344827586,	0.11214953271028037,	0.17647058823529413,	0.875,	0.14893617021276595,	0.25454545454545446,	0.44976076555023925,	0.2021505376344086,	0.27893175074183973,	[False, False, True, True, True, False, True, True]
0.3804347826086957,	0.23178807947019867,	0.2880658436213992,	0.43333333333333335,	0.325,	0.37142857142857144,	0.509090909090909,	0.2616822429906542,	0.34567901234567894,	1.0,	0.14893617021276595,	0.25925925925925924,	0.44525547445255476,	0.2623655913978495,	0.3301759133964817,	[True, False, True, True, True, False, True, True]
0.43010752688172044,	0.26490066225165565,	0.32786885245901637,	0.453781512605042,	0.3375,	0.3870967741935484,	0.5714285714285714,	0.14953271028037382,	0.237037037037037,	0.875,	0.14893617021276595,	0.25454545454545446,	0.4717741935483871,	0.25161290322580643,	0.3281907433380084,	[False, True, True, True, True, False, True, True]
0.40594059405940597,	0.271523178807947,	0.32539682539682546,	0.4608695652173913,	0.33125,	0.38545454545454544,	0.6428571428571429,	0.16822429906542055,	0.26666666666666666,	1.0,	0.14893617021276595,	0.25925925925925924,	0.47410358565737054,	0.25591397849462366,	0.3324022346368715,	[True, True, True, True, True, False, True, True]
0.5714285714285714,	0.026490066225165563,	0.05063291139240506,	0.08823529411764706,	0.01875,	0.03092783505154639,	0.8,	0.037383177570093455,	0.07142857142857142,	0,	0.0,	0,	0.2391304347826087,	0.023655913978494623,	0.043052837573385516,	[False, False, False, False, False, True, True, True]
0.7,	0.046357615894039736,	0.08695652173913043,	0.08108108108108109,	0.01875,	0.030456852791878174,	0.4444444444444444,	0.037383177570093455,	0.06896551724137931,	0,	0.0,	0,	0.25,	0.030107526881720432,	0.05374280230326296,	[True, False, False, False, False, True, True, True]
0.6086956521739131,	0.09271523178807947,	0.16091954022988506,	0.2222222222222222,	0.1,	0.13793103448275865,	1.0,	0.037383177570093455,	0.07207207207207207,	0,	0.0,	0,	0.3434343434343434,	0.07311827956989247,	0.12056737588652482,	[False, True, False, False, False, True, True, True]
0.6666666666666666,	0.052980132450331126,	0.09815950920245399,	0.21739130434782608,	0.0625,	0.09708737864077671,	1.0,	0.037383177570093455,	0.07207207207207207,	0,	0.0,	0,	0.3548387096774194,	0.047311827956989246,	0.08349146110056926,	[True, True, False, False, False, True, True, True]
0.5333333333333333,	0.052980132450331126,	0.09638554216867469,	0.15384615384615385,	0.075,	0.10084033613445378,	0.5,	0.056074766355140186,	0.10084033613445378,	0.0,	0.0,	0,	0.23853211009174313,	0.05591397849462366,	0.09059233449477352,	[False, False, True, False, False, True, True, True]
0.5416666666666666,	0.08609271523178808,	0.14857142857142858,	0.15625,	0.0625,	0.08928571428571429,	0.5,	0.056074766355140186,	0.10084033613445378,	0.0,	0.0,	0,	0.27884615384615385,	0.06236559139784946,	0.10193321616871703,	[True, False, True, False, False, True, True, True]
0.4,	0.06622516556291391,	0.11363636363636365,	0.27184466019417475,	0.175,	0.21292775665399238,	0.5384615384615384,	0.06542056074766354,	0.11666666666666665,	0.0,	0.0,	0,	0.31690140845070425,	0.0967741935483871,	0.14827018121911037,	[False, True, True, False, False, True, True, True]
0.2692307692307692,	0.046357615894039736,	0.0790960451977401,	0.20253164556962025,	0.1,	0.13389121338912133,	0.3333333333333333,	0.04672897196261682,	0.08196721311475409,	0,	0.0,	0,	0.23333333333333334,	0.060215053763440864,	0.09572649572649573,	[True, True, True, False, False, True, True, True]
0.38095238095238093,	0.15894039735099338,	0.22429906542056074,	0.44554455445544555,	0.28125,	0.3448275862068966,	0.4166666666666667,	0.09345794392523364,	0.15267175572519084,	1.0,	0.1276595744680851,	0.22641509433962262,	0.4381443298969072,	0.1827956989247312,	0.25796661608497723,	[False, False, False, True, False, True, True, True]
0.3333333333333333,	0.09933774834437085,	0.1530612244897959,	0.5,	0.23125,	0.3162393162393163,	0.40540540540540543,	0.14018691588785046,	0.20833333333333334,	1.0,	0.14893617021276595,	0.25925925925925924,	0.4539877300613497,	0.15913978494623657,	0.2356687898089172,	[True, False, False, True, False, True, True, True]
0.39080459770114945,	0.2251655629139073,	0.2857142857142857,	0.4716981132075472,	0.3125,	0.3759398496240602,	0.6071428571428571,	0.1588785046728972,	0.2518518518518518,	0.875,	0.14893617021276595,	0.25454545454545446,	0.47161572052401746,	0.23225806451612904,	0.3112391930835735,	[False, True, False, True, False, True, True, True]
0.4126984126984127,	0.17218543046357615,	0.24299065420560745,	0.5,	0.31875,	0.3893129770992366,	0.5277777777777778,	0.17757009345794392,	0.26573426573426573,	1.0,	0.1276595744680851,	0.22641509433962262,	0.4927536231884058,	0.21935483870967742,	0.30357142857142855,	[True, True, False, True, False, True, True, True]
0.45901639344262296,	0.18543046357615894,	0.2641509433962264,	0.48598130841121495,	0.325,	0.3895131086142322,	0.5476190476190477,	0.21495327102803738,	0.3087248322147651,	0.8571428571428571,	0.1276595744680851,	0.2222222222222222,	0.5023041474654378,	0.23440860215053763,	0.3196480938416422,	[False, False, True, True, False, True, True, True]
0.41935483870967744,	0.2582781456953642,	0.31967213114754095,	0.452991452991453,	0.33125,	0.38267148014440433,	0.45454545454545453,	0.14018691588785046,	0.21428571428571427,	1.0,	0.14893617021276595,	0.25925925925925924,	0.456,	0.24516129032258063,	0.31888111888111886,	[True, False, True, True, False, True, True, True]
0.43529411764705883,	0.24503311258278146,	0.3135593220338983,	0.4594594594594595,	0.31875,	0.37638376383763833,	0.5,	0.205607476635514,	0.2913907284768212,	0.875,	0.14893617021276595,	0.25454545454545446,	0.4717741935483871,	0.25161290322580643,	0.3281907433380084,	[False, True, True, True, False, True, True, True]
0.44047619047619047,	0.24503311258278146,	0.3148936170212766,	0.4621212121212121,	0.38125,	0.41780821917808225,	0.46511627906976744,	0.18691588785046728,	0.26666666666666666,	1.0,	0.14893617021276595,	0.25925925925925924,	0.4699248120300752,	0.26881720430107525,	0.3419972640218878,	[True, True, True, True, False, True, True, True]
0.45454545454545453,	0.06622516556291391,	0.115606936416185,	0.05263157894736842,	0.00625,	0.0111731843575419,	0.4,	0.037383177570093455,	0.06837606837606837,	0,	0.0,	0,	0.29411764705882354,	0.03225806451612903,	0.05813953488372092,	[False, False, False, False, True, True, True, True]
0.6,	0.039735099337748346,	0.07453416149068325,	0.09090909090909091,	0.025,	0.03921568627450981,	0.6666666666666666,	0.018691588785046728,	0.03636363636363636,	0,	0.0,	0,	0.21052631578947367,	0.025806451612903226,	0.045977011494252866,	[True, False, False, False, True, True, True, True]
0.5238095238095238,	0.0728476821192053,	0.12790697674418605,	0.2564102564102564,	0.0625,	0.10050251256281408,	0.6,	0.056074766355140186,	0.10256410256410257,	0,	0.0,	0,	0.38571428571428573,	0.05806451612903226,	0.10093457943925234,	[False, True, False, False, True, True, True, True]
0.5789473684210527,	0.0728476821192053,	0.12941176470588234,	0.25,	0.05625,	0.09183673469387754,	0.5,	0.06542056074766354,	0.11570247933884296,	0,	0.0,	0,	0.391304347826087,	0.05806451612903226,	0.10112359550561799,	[True, True, False, False, True, True, True, True]
0.4666666666666667,	0.09271523178807947,	0.15469613259668508,	0.11320754716981132,	0.0375,	0.05633802816901408,	0.3684210526315789,	0.06542056074766354,	0.11111111111111109,	0,	0.0,	0,	0.2647058823529412,	0.05806451612903226,	0.09523809523809525,	[False, False, True, False, True, True, True, True]
0.3584905660377358,	0.12582781456953643,	0.18627450980392157,	0.09523809523809523,	0.025,	0.03960396039603961,	0.38461538461538464,	0.04672897196261682,	0.08333333333333333,	0,	0.0,	0,	0.25925925925925924,	0.060215053763440864,	0.09773123909249563,	[True, False, True, False, True, True, True, True]
0.6176470588235294,	0.1390728476821192,	0.22702702702702698,	0.2682926829268293,	0.1375,	0.18181818181818182,	0.42857142857142855,	0.056074766355140186,	0.09917355371900825,	0,	0.0,	0,	0.3769230769230769,	0.1053763440860215,	0.1647058823529412,	[False, True, True, False, True, True, True, True]
0.5952380952380952,	0.16556291390728478,	0.2590673575129534,	0.24615384615384617,	0.1,	0.14222222222222225,	0.42857142857142855,	0.056074766355140186,	0.09917355371900825,	0.0,	0.0,	0,	0.38524590163934425,	0.1010752688172043,	0.16013628620102213,	[True, True, True, False, True, True, True, True]
0.38636363636363635,	0.2251655629139073,	0.28451882845188287,	0.4915254237288136,	0.18125,	0.2648401826484018,	0.5454545454545454,	0.11214953271028037,	0.18604651162790697,	1.0,	0.14893617021276595,	0.25925925925925924,	0.4659090909090909,	0.17634408602150536,	0.25585023400936036,	[False, False, False, True, True, True, True, True]
0.4696969696969697,	0.2052980132450331,	0.28571428571428575,	0.45161290322580644,	0.175,	0.25225225225225223,	0.6190476190476191,	0.12149532710280374,	0.203125,	1.0,	0.14893617021276595,	0.25925925925925924,	0.5064102564102564,	0.16989247311827957,	0.25442834138486314,	[True, False, False, True, True, True, True, True]
0.4647887323943662,	0.2185430463576159,	0.29729729729729726,	0.45714285714285713,	0.2,	0.2782608695652174,	0.6923076923076923,	0.16822429906542055,	0.2706766917293233,	1.0,	0.14893617021276595,	0.25925925925925924,	0.5172413793103449,	0.1935483870967742,	0.28169014084507044,	[False, True, False, True, True, True, True, True]
0.5333333333333333,	0.2119205298013245,	0.3033175355450237,	0.4492753623188406,	0.19375,	0.27074235807860264,	0.6956521739130435,	0.14953271028037382,	0.2461538461538461,	1.0,	0.14893617021276595,	0.25925925925925924,	0.5408805031446541,	0.18494623655913978,	0.27564102564102566,	[True, True, False, True, True, True, True, True]
0.4482758620689655,	0.2582781456953642,	0.3277310924369748,	0.47959183673469385,	0.29375,	0.36434108527131787,	0.5555555555555556,	0.2336448598130841,	0.3289473684210526,	0.875,	0.14893617021276595,	0.25454545454545446,	0.4957983193277311,	0.2537634408602151,	0.3357041251778094,	[False, False, True, True, True, True, True, True]
0.4375,	0.23178807947019867,	0.30303030303030304,	0.45555555555555555,	0.25625,	0.32799999999999996,	0.5526315789473685,	0.19626168224299065,	0.2896551724137931,	1.0,	0.14893617021276595,	0.25925925925925924,	0.48372093023255813,	0.22365591397849463,	0.3058823529411765,	[True, False, True, True, True, True, True, True]
0.4942528735632184,	0.2847682119205298,	0.36134453781512604,	0.4594594594594595,	0.31875,	0.37638376383763833,	0.5121951219512195,	0.19626168224299065,	0.28378378378378377,	0.875,	0.14893617021276595,	0.25454545454545446,	0.4939271255060729,	0.2623655913978495,	0.34269662921348315,	[False, True, True, True, True, True, True, True]
0.5,	0.2582781456953642,	0.34061135371179035,	0.4673913043478261,	0.26875,	0.3412698412698412,	0.5121951219512195,	0.19626168224299065,	0.28378378378378377,	1.0,	0.14893617021276595,	0.25925925925925924,	0.5045871559633027,	0.23655913978494625,	0.32210834553440704,	[True, True, True, True, True, True, True, True]
